1	Unofficial Skyrim Special Edition Patch (USSEP)	422.32 MB	v4.3.9A	00:00.72	Foundations / fixes	UNOFFICIAL SKYRIM SPECIAL	0
2	Simple Workaround Framework	1.53 MB	v1.1	00:01.68	Framework / utilities	SIMPLE WORKAROUND	1
3	Lovely Hair Colors [for Salt and Wind]	1.3 KB	v1.2	00:02.66	Character appearance	LOVELY HAIR COLORS [FOR SALT	2
4	TGCR Not a Crime (The Gray Cowl Returns)	1.7 KB	v2.01	00:03.70	Creation gameplay patch	TGCR NOT A CRIME. (THE GRAY	3
5	Skragmjor	1.38 MB	v1.0.7	00:04.88	Quest / dungeon	SKRAGMJOR	4
6	Aberrations of the Dwemer	2.00 MB	v1.26	00:05.88	New world / quest	ABERRATIONS OF THE DWEMER	5
7	Vvardenfell Arrows and Bolts	87.4 KB	v3.00	00:06.98	Weapons / ammunition	VVARDENFELL ARROWS AND	6
8	The Magic of Madness	104.4 KB	v3.00	00:08.04	Magic / items	THE MAGIC OF MADNESS	7
9	Siege at Icemoth	121.52 MB	v1.5.1	00:09.20	New world / quest	SIEGE AT ICEMOTH	8
10	Lux - Resources - PS5	62.65 MB	v1.00	00:10.38	Lighting resources	LUX - RESOURCES - PS5	9
11	Lux - Master	28.6 KB	v1.00	00:11.44	Lighting master	LUX - MASTER	9
12	Morrowind's Bloodmoon Solstheim Content Restoration	2.17 MB	v1.00	00:12.60	Solstheim content	MORROWIND'S BLOODMOON	10
13	Beyond the Edge of Atmora	721.7 KB	v1.01	00:13.86	New world / quest	BEYOND THE EDGE OF ATMORA	11
14	Miasma	27.83 MB	v1.2.2.1	00:15.16	Quest	MIASMA	12
15	Kanjs - Books All In One	16.49 MB	v1.00	00:16.40	Books / visuals	KANJS - BOOKS ALL IN ONE	13
16	Beyond Reach Part 1 (PS)	1.93 GB	v4.8	00:17.60	New world / master	BEYOND REACH PART 1 (PS)	14
17	Beyond Reach Part 2 (PS)	391.29 MB	v4.8	00:18.80	New world / support	BEYOND REACH PART 2 (PS)	14
18	Beyond Reach Revoiced	329.95 MB	v1.00	00:20.00	Dialogue / addon	BEYOND REACH REVOICED	14
19	[PS] Weightless Materials	94.8 KB	v1.3	00:21.20	Weight / convenience	[PS] WEIGHTLESS MATERIALS	15
20	IA92's Zero Weight Crafting	11.4 KB	v1	00:22.40	Weight / convenience	IA92'S ZERO WEIGHT CRAFTING	16
21	IA92's Zero Weight Potions	91.5 KB	v1	00:23.48	Weight / convenience	IA92'S ZERO WEIGHT POTIONS	17
22	Increased Carry Weight Level Up	320 BYTES	v1	00:24.58	Weight / convenience	INCREASED CARRY WEIGHT LEVEL	18
23	KILL FEED (PS/XBOX)	11.1 KB	v1.21	00:25.58	Interface	KILL FEED (PS/XBOX)	19
24	Nordic UI (NORDIC UI.ESP)	10.76 MB	v2.4.1	00:26.68	Interface	NORDIC UI.ESP	18
25	Thaumaturgy - An Enchanting Overhaul	4.37 MB	v1.0.2	00:27.68	Enchanting / gameplay	THAUMATURGY - AN	20
26	Summermyst - Enchantments of Skyrim	7.80 MB	v4.0.7	00:28.68	Enchanting / loot	[PS5] SUMMERMYST -	21
27	Wintersun - Faiths of Skyrim	25.12 MB	v3.2.0	00:29.68	Religion / gameplay	[PS5] WINTERSUN - FAITHS OF	22
28	Mannaz - Integrated Races of Skyrim	2.54 MB	v1.00	00:30.74	Races / gameplay	MANNAZ - INTEGRATED RACES	23
29	Freyr - Integrated Standing Stones of Skyrim	371.2 KB	v1.00	00:31.68	Standing stones / gameplay	FREYR - INTEGRATED STANDING	24
30	Tonal Architect	7.36 MB	v1.0.0	00:32.68	Magic	[PS5] TONAL ARCHITECT	25
31	Dukkha's Forbidden Death Magic	15.63 MB	v1.00	00:33.74	Magic	DUKKHAS FORBIDDEN DEATH	26
32	Triumvirate - Mage Archetypes	44.03 MB	v1.00	00:34.80	Magic	TRIUMVIRATE - MAGE	27
33	Vokrii - Minimalistic Perks of Skyrim	1.42 MB	v3.8.2	00:35.88	Perks	[PS5] VOKRII - MINIMALISTIC	28
34	Ordinator - Perks of Skyrim	11.27 MB	v9.35.0	00:36.92	Perks	[PS5] ORDINATOR - PERKS OF	29
35	Ordinator - Fix - PS5 (textures)	12.25 MB	v1.01	00:37.98	Textures / patch	ORDINATOR - FIX - PS5	29
36	Ordinator - Bone Collector (Windhelm altar fix)	1.3 KB	v1.00	00:38.98	Perks / patch	ORDINATOR - BONE COLLECTOR	29
37	Vokriinator [EN]	157.7 KB	v6.13.0	00:40.08	Perk integration	VOKRIINATOR [EN]	30
38	Mysticism - A Magic Overhaul	7.97 MB	v1.00	00:41.14	Magic	MYSTICISM - A MAGIC OVERHAUL	31
39	Mysticism - Ordinator Patch	7.2 KB	v1.00	00:42.64	Magic / perk patch	MYSTIC - ORDINATOR PATCH	18
40	Mysticism - Vokrii Patch	87.6 KB	v1.00	00:43.94	Magic / perk patch	MYSTICISM - VOKRII	18
41	Apocalypse - Magic of Skyrim	33.13 MB	v10.2.2	00:45.04	Magic	[PS5] APOCALYPSE - MAGIC OF	32
42	Apocalypse - Ordinator Compatibility Patch	15.0 KB	v10.0.2	00:46.14	Magic / perk patch	APOCALYPSE - ORDINATOR	33
43	Apocalypse - Vokrii Compatibility Patch	12.1 KB	v10.0.2	00:47.24	Magic / perk patch	APOCALYPSE - VOKRII	33
44	Odin - Skyrim Magic Overhaul	22.09 MB	v3.1.5	00:48.34	Magic	[PS5] ODIN - SKYRIM MAGIC	34
45	Odin - Ordinator Compatibility Patch	6.5 KB	v3.0.0	00:49.38	Magic / perk patch	ODIN - ORDINATOR	33
46	Odin - Vokrii Compatibility Patch	84.4 KB	v3.1.0	00:50.48	Magic / perk patch	ODIN - VOKRII COMPATIBILITY	33
47	Ordinator - 50 Percent More Perk Points	2.4 KB	v1.00	00:51.58	Perks / addon	ORDINATOR - 50 PERCENT MORE	18
48	Kittytail's Spells AIO [PS5]	41.38 MB	v1.03	00:52.64	Magic bundle	KITTYTAILS SPELLS AIO [PS5]	35
49	Kittytail's VFX Edits AIO - V4?	2.76 MB	v1.00	00:53.74	Visual effects	KITTYTAILS VFX EDITS-AIO- V4?	36
50	Open World Loot SE	314.0 KB	v1.00	00:54.90	Loot / encounter zones	OPEN WORLD LOOT SE	37
51	Open World Loot SE - Randomized Special Loot Addon	50.9 KB	v1.00	00:56.04	Loot addon	OPEN WORLD LOOT SE -	37
52	OWL - Summermyst Patch	9.9 KB	v1.00	00:57.08	Loot / patch	OWL-SUMMERMYST PATCH	37
53	Dad's Encounter Zones	21.0 KB	v1	00:58.12	Encounter zones	DAD'S ENCOUNTER ZONES	38
54	Dad's Map Markers	128.8 KB	v1	00:59.18	Map / interface	DAD'S MAP MARKERS	39
55	Simply More Variety AE	2.03 MB	v1.6.5	01:00.24	Creation loot integration	SIMPLY MORE VARIETY AE	40
56	Praedy's Staves AIO [PS5]	35.72 MB	v1.00	01:01.28	Staves / visuals	PRAEDYS STAVES AIO [PS5]	41
57	Praedy's Staves - Apocalypse Patch	28.2 KB	v1.00	01:02.38	Staves / patch	PRAEDYS STAVES - APOCALYPSE	41
58	Praedy's Staves - Mysticism Patch	75.6 KB	v1.00	01:03.48	Staves / patch	PRAEDYS STAVES - MYSTICISM	41
59	Praedy's Staves - Odin Patch	23.0 KB	v1.00	01:04.52	Staves / patch	PRAEDYS STAVES - ODIN PATCH	41
60	Praedy's Staves - USSEP Patch	3.8 KB	v1.00	01:05.54	Staves / patch	PRAEDYS STAVES - USSEP PATCH	41
61	Artificer - An Artifact Overhaul	6.42 MB	v1.00	01:06.58	Artifact overhaul	ARTIFICER - AN ARTIFACT	42
62	Artificer - USSEP Patch	11.1 KB	v1.00	01:07.58	Artifact / patch	ARTIFICER - USSEP PATCH	18
63	Guns of Skyrim (formerly Lore Friendly Rifles)	2.27 MB	v1.00	01:08.58	Weapons	GUNS OF SKYRIM (FORMERLY	43
64	Pistols of Skyrim (Guns of Skyrim addon)	1.53 MB	v1.00	01:09.58	Weapons addon	PISTOLS OF SKYRIM (FORMERLY	43
65	PrivateEye's Heavy Armory	29.98 MB	v1.00	01:10.58	Weapons / distribution	PRIVATE EYE'S HEAVY ARMORY	44
66	More Unique War Axes PS4/PS5	50.8 KB	v1.00	01:11.64	Hand-placed weapons	MORE UNIQUE WAR AXES PS4/PS5	45
67	More Unique Swords PS4/PS5	8.5 KB	v1.00	01:12.74	Hand-placed weapons	MORE UNIQUE SWORDS PS4/PS5	46
68	More Unique Maces PS4/PS5	53.0 KB	v1.00	01:13.90	Hand-placed weapons	MORE UNIQUE MACES PS4/PS5	47
69	Artifact of Might - My Version (PS5)	16.73 MB	v1.00	01:15.04	Hand-placed weapons	(PS5) ARTIFACT OF MIGHT - MY	48
70	Favored Soul - Eidolon Sword / Eidolon's Edge	2.19 MB	v1.00	01:16.30	Weapons	FAVORED SOUL - EIDOLON SWORD	49
71	Steel Battleaxe of Fiery Souls - Truly Unique (PS5)	3.05 MB	v1.00	01:17.48	Unique-weapon overhaul	(PS5) STEEL BATTLEAXE OF FIERY	50
72	Unique Thane Weapons (PS5)	12.60 MB	v1.00	01:18.58	Thane reward overhaul	UNIQUE THANE WEAPONS (PS5)	51
73	Minecraft Weapon Pack	1.25 MB	v1.00	01:19.68	Weapons	MINECRAFT WEAPON PACK	52
74	Volkihar Relic Sword (PS5)	8.68 MB	v1.00	01:20.68	Unique weapon	(PS5) VOLKIHAR RELIC SWORD	53
75	The Infinity Sword [PS]	16.17 MB	v1.00	01:21.68	Unique weapon	THE INFINITY SWORD [PS]	54
76	Occiglacies - Ancient Falmer Blade	2.78 MB	v1.00	01:22.72	Unique weapon	[PS5] OCCIGLACIES - ANCIENT	55
77	Mjolnir - Leviathan Axe - Blades of Chaos	12.93 MB	v1.00	01:23.72	Weapons	MJOLNIR - LEVIATHAN AXE -	56
78	Psyche's Artifacts of Oblivion and Morrowind	100.9 KB	v1.00	01:24.84	Artifact collection	PSYCHE'S ARTIFACTS OF	18
79	Dwarven Power Armor - Mihail	14.21 MB	v1.00	01:25.88	Armor	DWARVEN POWER ARMOR-	57
80	Race Armor Expansion (PS5)	35.33 MB	v1.00	01:27.00	Armor / NPC equipment	RACE ARMOR EXPANSION(PS5)	58
81	Cloaks and Capes - PS5	20.91 MB	v1.00	01:28.38	Cloaks	CLOAKS AND CAPES-PS5	59
82	Daedric Cloaks - PS5	23.69 MB	v1.00	01:29.70	Cloaks	DAEDRIC CLOAKS-PS5	60
83	Divine Cloaks - PS5	13.94 MB	v1.00	01:30.84	Cloaks	DIVINE CLOAKS - PS5	61
84	Daemon Armor - My Version	32.05 MB	v1.00	01:31.98	Armor / NPC integration	DAEMON ARMOR - MY VERSION	62
85	Skull Commander Armor - My Version (PS5)	25.34 MB	v1.00	01:32.98	Armor / mount	(PS5) SKULL COMMANDER ARMOR	63
86	Red Warrior Armor - My Version (PS5)	13.38 MB	v1.20	01:34.02	Armor	(PS5) RED WARRIOR ARMOR - MY	64
87	Deadly Dragons Armory	359.22 MB	v6.5.2	01:35.02	Dragon loot / equipment	DEADLY DRAGONS ARMORY	65
88	DAWN - Dramatic Atmospheres, Weathers & Nature	64.28 MB	v1.00	01:35.82	Weather / ambience	DAWN: DRAMATIC ATMOSPHERES,	66
89	SMIM - Static Mesh Improvement Mod	922.33 MB	v2.09	01:36.82	Meshes / environment	SMIM - STATIC MESH	67
90	Footprints	14.52 MB	v1.6.1	01:38.02	Visual effects	FOOTPRINTS	68
91	ArteFakes - Unique Artifacts Replacer	12.18 MB	v2.0.1	01:39.12	Artifact models	ARTEFAKES	69
92	Xavbio 1K AE/CC	821.44 MB	v1.00	01:40.18	Armor / weapon textures	XAVBIO 1K AE/CC	70
93	Xavbio 2K Base + DLC	1.96 GB	v1.00	01:41.24	Armor / weapon textures	XAVBIO 2K BASE + DLC	71
94	Fluffworks - PS5	60.82 MB	v1.00	01:42.44	Creature fur / meshes	FLUFFWORKS-PS5	72
95	Elemental Giants 1K (PS5)	3.07 MB	v1.00	01:43.42	Creature visuals	ELEMENTAL GIANTS 1K(PS5)	73
96	Draugrs - New Models and Textures (PS5)	38.29 MB	v1.00	01:44.38	Creature models	(PS5) DRAUGRS - NEW MODELS	74
97	Draugrs - Glowing Eyes Patch (PS4/PS5)	12.3 KB	v1.00	01:45.26	Creature visual patch	(PS4-PS5) DRAUGRS - GLOWING	75
98	Falmer Overhaul - Port (PS5)	18.05 MB	v1.00	01:46.04	Creature models	(PS5) FALMER OVERHAUL - PORT	76
99	Flame Atronach - 4thUnknown / Xtudo (PS5)	21.21 MB	v1.00	01:46.92	Creature models	(PS5) FLAME ATRONACH	77
100	Mihail Crows and Ravens (PS5)	5.13 MB	v1.00	01:47.98	Creatures	PS5 MIHAIL CROWS AND RAVENS	78
101	Mihail Emperor Penguins (PS5)	1.40 MB	v1.00	01:48.92	Creatures	PS5 MIHAIL EMPEROR PENGUINS -	79
102	Mihail Frogs - Fixed (PS5)	4.46 MB	v1.00	01:49.88	Creatures	PS5 MIHAIL FROGS -FIXED-	80
103	Mihail Roosters - Fixed (PS5)	7.53 MB	v1.00	01:50.80	Creatures	PS5 MIHAIL ROOSTERS -FIXED-	81
104	Dwarven Automatons Pack - Mihail	176.55 MB	v1.00	01:51.68	Creatures / loot	DWARVEN AUTOMATONS PACK-	82
105	4thUnknown Creatures Bundle	53.92 MB	v1.00	01:52.56	Creature bundle	4THUNKNOWN CREATURES	83
106	Bone Colossus - Necromantic Grimoire Integration	1.0 KB	v1.1	01:53.52	Creature distribution	BONE COLOSSUS - NECROMANTIC	84
107	Vitruvia 2K (PS5)	40.43 MB	v1.00	01:54.36	Character skin	PS5 - VITRUVIA 2K	85
108	Reverie 2K (PS5)	37.22 MB	v1.00	01:55.22	Character skin	PS5 REVERIE 2K	86
109	Vanilla Hair - Salt and Wind	8.93 MB	v1.1	01:56.06	Hair textures	VANILLA HAIR - SALT AND WIND	87
110	Wear Multiple Rings	18.6 KB	v1	01:56.98	Equipment / convenience	WEAR MULTIPLE RINGS	88
111	XPMSSE Plus - Custom Skeleton / bundle (PS5)	14.58 MB	v2.2	01:57.90	Skeleton / animations	[PS5] XPMSSE PLUS - CUSTOM	89
112	Animated Armoury	57.78 MB	v1.00	01:58.66	Weapons / animations	ANIMATED ARMOURY	90
113	Heavy Armory - Animated Armoury Patch	59.5 KB	v1.00	01:59.62	Weapons / patch	HEAVY ARMORY - ANIMATED	91
114	GDB's Elden Beast Lite Edition	64.61 MB	v1.00	02:00.48	Combat / animations	GDB'S: ELDEN BEAST LITE EDITION	92
115	Comprehensive First Person Animation Overhaul - alternative Lite port	962.9 KB	v1.00	02:01.36	First-person animations	COMPREHENSIVE FIRST PERSON	93
116	Simple Visible Favorited Gear	6.8 KB	v1.00	02:02.26	Visible equipment	SIMPLE VISIBLE FAVORITED GEAR	94
117	Dragons 2K - Port by Xtudo	208.34 MB	v1.00	02:03.12	Dragon models / textures	DRAGONS 2K - PORT BY XTUDO	95
118	Dragon Roar Overhaul - King Ghidorah inspired	19.18 MB	v3.00	02:04.06	Dragon audio	DRAGON ROAR OVERHAUL: KING	96
119	Chattier Hunters and Fishermen	14.79 MB	v1.00	02:04.86	Dialogue	CHATTIER HUNTERS AND	97
120	Shouts of Stallholders	4.96 MB	v1.00	02:05.76	Dialogue	SHOUTS OF STALLHOLDERS BY	98
121	Cheeky Kids	3.64 MB	v1.00	02:06.56	Dialogue	CHEEKY KIDS BY JOBIWANUK	99
122	Goodnight Skyrim	1.31 MB	v1.00	02:07.36	Dialogue	GOODNIGHT SKYRIM BY	100
123	Whistling in Skyrim	3.60 MB	v1.00	02:08.16	Dialogue / audio	WHISTLING IN SKYRIM BY	101
124	Old People Sounds AIO	757.4 KB	v1.00	02:08.96	Dialogue / audio	OLD PEOPLE SOUNDS AIO BY	102
125	Everybody Hates Nazeem	10.83 MB	v1.00	02:09.64	Dialogue	EVERYBODY HATES NAZEEM	103
126	Everybody Hates Nazeem - AI Overhaul / Immersive Citizens Patch	487 BYTES	v1.00	02:10.36	Dialogue / AI patch	EVERYBODY HATES NAZEEM	18
127	Voiced Narrative - Farming	3.07 MB	v1.1	02:11.14	Creation dialogue addon	VOICED NARRATIVE - FARMING	104
128	Voiced Narrative - Ghosts of the Tribunal	2.35 MB	v2.2	02:11.80	Creation dialogue addon	VOICED NARRATIVE - GHOSTS OF	105
129	Voiced Narrative - Saints & Seducers	777.4 KB	v2.1A	02:12.54	Creation dialogue addon	VOICED NARRATIVE - SAINTS	106
130	Voiced Narrative - Fishing	3.83 MB	v2.3	02:13.36	Creation dialogue addon	VOICED NARRATIVE - FISHING	107
131	Voiced Narrative - The Cause	6.11 MB	v1.00	02:14.16	Creation dialogue addon	VOICED NARRATIVE - THE CAUSE	108
132	JaySerpa's Lines Expansion Bundle	136.86 MB	v2.0	02:14.90	Dialogue bundle	JAYSERPA'S LINES EXPANSION	109
133	JaySerpa's Lines Expansion - Creation Club patches/addon	234.4 KB	v2.0	02:15.70	Dialogue / Creation patch	JAYSERPA'S LINES EXPANSION	110
134	Inn-Tegrated NPCs - Oblivion Style Conversations	151.95 MB	v1.00	02:16.46	NPCs / dialogue	INN-TEGRATED NPCS - OBLIVION	111
135	Echoes of Oblivion	224.92 MB	v1.00	02:17.24	NPCs / dialogue	ECHOES OF OBLIVION BY	112
136	Echoes of Oblivion - Inn-Tegrated NPCs Patch	30.5 KB	v1.00	02:18.00	NPC / dialogue patch	ECHOES OF OBLIVION	18
137	AI Overhaul Lite	963.9 KB	v1.9	02:18.82	NPC AI	AI OVERHAUL LITE	113
138	Crowded Streets (SWF) [PS5]	16.52 MB	v1.00	02:19.82	NPC population	[PS5] CROWDED STREETS (SWF)	114
139	Extended Encounters (SWF)	1.42 MB	v1.00	02:20.76	World encounters	EXTENDED ENCOUNTERS (SWF)	115
140	Tsun's Anvil - Hire Craftsmen	86.3 KB	v1.0.3	02:21.62	Crafting services	TSUNS ANVIL - HIRE CRAFTSMEN	116
141	Shoppers of Skyrim	43.73 MB	v1.00	02:22.58	NPCs / dialogue	SHOPPERS OF SKYRIM BY	117
142	Adventure's Call - A Mercenary's Life	530.3 KB	v1.0.10	02:23.46	Radiant quests	ADVENTURES CALL - A	118
143	Undead FX - PS5	24.62 MB	v1.00	02:24.36	Reanimation visuals	UNDEAD FX-PS5	119
144	JaySerpa's Misc Mod Bundle	25.99 MB	v2.1	02:25.22	Gameplay / bundle	JAYSERPA'S MISC MOD BUNDLE	120
145	JaySerpa's Quest Expansion Bundle	54.37 MB	v2.6	02:26.22	Quest bundle	JAYSERPA'S QUEST EXPANSION	121
146	JaySerpa's Quest Expansion - Wintersun Patch	168.3 KB	v2.6	02:27.12	Quest / patch	JAYSERPA'S QUEST EXPANSION	122
147	JaySerpa's Quest Expansion - USSEP Patch	8.5 KB	v2.6	02:28.12	Quest / patch	JAYSERPA'S QUEST EXPANSION	122
148	The Breathing Abyss	132.50 MB	v1.00	02:29.02	Quest	THE BREATHING ABYSS -	123
149	Missives	1.00 MB	v1.00	02:29.98	Radiant quests	MISSIVES	124
150	Headhunter - Bounties Redone	6.65 MB	v1.52	02:30.98	Bounty gameplay	HEADHUNTER - BOUNTIES REDONE	125
151	The Paarthurnax Dilemma	26.17 MB	v2.0.4	02:31.98	Quest alteration	THE PAARTHURNAX DILEMMA	126
152	Become High King of Skyrim TNG - legacy 1.5.9 port	915.28 MB	v1.00	02:32.98	Quest / new world	BECOME HIGH KING OF SKYRIM	127
153	Moonpath to Elsweyr [PS5]	76.14 MB	v1.00	02:33.92	New world / quest	[ PS5 ] MOONPATH TO ELSWEYR	128
154	Granite Hill - Cut Content Restoration	22.12 MB	v1.6.3	02:34.92	Settlement / quests	GRANITE HILL - CUT CONTENT	129
155	Age of Silence - Forbidden Goods (PS5)	3.52 MB	v1.00	02:35.98	Merchant / artifacts	PS5 VERSION AGE OF SILENCE -	130
156	A Dizzying Fall (PS5)	3.39 MB	v1.00	02:37.08	Encounter / quest	PS5 VERSION A DIZZYING FALL -	131
157	The Serpent's Covenant (PS5)	33.66 MB	v1.00	02:38.02	Encounter / quest	PS5 VERSION THE SERPENTS	132
158	Mysteries of the Dwemer (PS5)	15.82 MB	v1.00	02:38.98	Encounter / quest	PS5 VERSION MYSTERIES OF THE	133
159	Knight of the North - Divine Crusader Reworked (PS5)	588.2 KB	v1.00	02:39.98	Creation quest overhaul	PS5 KNIGHT OF THE NORTH -	134
160	The Hunt for the Spectre (PS5)	24.27 MB	v1.00	02:41.04	Quest	PS5 VERSION THE HUNT FOR THE	135
161	It Came from Akavir (PS5)	26.97 MB	v1.00	02:42.08	Encounter / quest	PS5 VERSION IT CAME FROM	136
162	Lucien - Fully Voiced Follower	1.94 GB	v1.7.2	02:43.14	Follower / quest	LUCIEN - FULLY VOICED	137
163	Lucien - Anniversary Edition All-in-One Patch	371.66 MB	v1.6.3A	02:44.24	Follower / Creation patch	LUCIEN - ANNIVERSARY EDITION -	138
164	Lucien - Moonpath to Elsweyr Patch	59.86 MB	v1.00	02:45.44	Follower / quest patch	LUCIEN - MOONPATH TO	137
165	Fabled Forests - Plugin Only	4.55 MB	v1.00	02:46.54	Tree placements	FABLED FORESTS-PLUGIN ONLY	139
166	LOD Addon for Fabled Forests	13.98 MB	v1.00	02:47.68	Tree LOD	LOD ADDON FOR FABLED FORESTS	18
167	A Ghibli Skyrim AIO 1K512 (PS)	1.31 GB	v1.00	02:48.74	Environment textures	A GHIBLI SKYRIM AIO 1K512 (PS)	140
168	The Great Cities - Minor Cities and Towns	6.82 MB	v1.00	02:49.94	Town overhaul	THE GREAT CITIES - MINOR CITIES	141
169	JK's Skyrim PS5 AIO	7.68 MB	v1.00	02:51.10	City overhaul	JK'S SKYRIM PS5 AIO	142
170	Cities of the North AIO (COTN AIO.ESP)	65.28 MB	v1.1	02:52.30	City overhaul	COTN AIO.ESP	18
171	The Great City of Winterhold	144.17 MB	v4.2.3	02:53.54	City overhaul	THE GREAT CITY OF WINTERHOLD	143
172	The Great Cities of JK's North - COTN AIO port	3.68 MB	v6.01	02:54.64	City integration patch	THE GREAT CITIES OF JK'S NORTH	144
173	Ryn's Dragon Mound Collection	666.9 KB	v1.00	02:55.74	World edits	RYN'S DRAGON MOUNDS	145
174	Ryn's Standing Stones	1.05 MB	v1.01	02:56.84	World edits	RYNS STANDING STONES	146
175	Ryn's Farms	979.0 KB	v1.01	02:58.04	World edits	RYNS FARMS	147
176	Ryn's Halted Stream Camp	272.0 KB	v1.01	02:59.14	World edits	RYNS HALTED STREAM CAMP	148
177	Ryn's Bleakwind Basin	285.0 KB	v1.00	03:00.28	World edits	RYNS BLEAKWIND BASIN	149
178	Ryn's Whiterun City Limits	1.32 MB	v1.00	03:01.28	World edits	RYNS WHITERUN CITY LIMITS	150
179	JK's Outskirts AIO [PS5]	18.51 MB	v1.00	03:02.38	World edits	[PS5] JK'S OUTSKIRTS AIO	151
180	JK's Ryn's Whiterun Exteriors	1.02 MB	v1.0	03:03.44	World / patch	JK'S RYN'S WHITERUN EXTERIORS	152
181	Ryn's Bleakfalls Recovered (Tower + Barrow)	144.6 KB	v1.00	03:04.64	World edits	RYNS BLEAKFALLS RECOVERED	153
182	Ryn's Secunda's Kiss	212.0 KB	v1.00	03:05.74	World edits	RYNS SECUNDA'S KISS	154
183	Ryn's Western Watchtower	279.7 KB	v1.01	03:06.84	World edits	RYNS WESTERN WATCHTOWER	155
184	Ryn's Bleakwind Basin - Whiterun City Limits Patch	278.5 KB	v1.00	03:07.88	World / patch	RYN'S BLEAKWIND BASIN -	18
185	Ryn's Halted Stream Camp - Whiterun City Limits Patch	278.1 KB	v1.01	03:08.88	World / patch	RYN'S HALTED STREAM CAMP -	18
186	Ryn's White River Watch	152.3 KB	v1.00	03:09.88	World edits	RYNS WHITE RIVER WATCH	156
187	Ryn's Valtheim Keep / Towers	284.9 KB	v1.01	03:10.88	World edits	RYNS VALTHEIM KEEP	157
188	Ryn's Lund's Hut	172.5 KB	v1.00	03:11.76	World edits	RYNS LUNDS HUT	158
189	Ryn's Anise's Cabin	122.3 KB	v1.00	03:12.62	World edits	RYNS ANISES CABIN	159
190	Ryn's Ustengrav	184.2 KB	v1.00	03:13.52	World edits	RYNS USTENGRAV	160
191	Ryn's Broken Tower Redoubt	225.4 KB	v1.00	03:14.42	World edits	RYNS BROKEN TOWER REDOUBT	161
192	Ryn's Goldenglow Estate	255.3 KB	v1.00	03:15.36	World edits	RYNS GOLDENGLOW ESTATE	162
193	Ryn's Robber's Gorge	421.1 KB	v1.00	03:16.26	World edits	RYNS ROBBERS GORGE	163
194	Ryn's Lumber Mills	398.9 KB	v1.00	03:17.12	World edits	RYNS LUMBER MILLS	164
195	Winterfrost	647.6 KB	v1.00	03:18.12	Player home	WINTERFROST	165
196	Sym's Solstheim AIO	210.7 KB	v1.00	03:19.12	Solstheim world edits	SYM'S SOLSTHEIM AIO	166
197	Echoes of the Vale	4.34 MB	v1.3	03:20.08	World expansion / home	ECHOES OF THE VALE	167
198	Hendraheim - CrystalTower15 overhaul	860.5 KB	v1.00	03:21.08	Creation home overhaul	HENDRAHEIM (CRYSTALTOWER15	168
199	Tundra Homestead - expanded home overhaul	548.4 KB	v7	03:22.08	Creation home overhaul	TUNDRA HOMESTEAD	169
200	Autumnal Crest Cottage	750.7 KB	v1.1.2	03:23.02	Player home / follower	AUTUMNAL CREST COTTAGE	170
201	Highglow Attic	407.5 KB	v1.0.7	03:23.92	Player home	HIGHGLOW ATTIC	171
202	Chartreusepod Reverie	690.2 KB	v1.1	03:24.82	Player home / followers	CHARTREUSEPOD REVERIE	172
203	Chantry of the Knights	1.38 MB	v1.6.0.1	03:25.54	Player home / location	CHANTRY OF THE KNIGHTS	173
204	Snowflake Manor	308.2 KB	v1.3	03:26.26	Player home / followers	SNOWFLAKE MANOR	174
205	Loverhill Homestead	269.2 KB	v1.1.4	03:27.28	Player home	LOVERHILL HOMESTEAD	175
206	Pinegarden Lodge	315.8 KB	v1.0.5	03:28.28	Player home	PINEGARDEN LODGE	176
207	Sheogorad Caldera Estate	3.00 MB	v1.3.2	03:29.22	Player home / island	SHEOGORAD CALDERA ESTATE	177
208	Harbourside Manor (PS5)	39.32 MB	v1.00	03:30.18	Player home	PS5 HARBOURSIDE	178
209	Ryn's Whiterun City Limits - Tundra Homestead CC Patch	102.1 KB	v1.00	03:31.16	World / Creation patch	RYNS WHITERUN CITY LIMIT -	18
210	Raidho - Along the Roads	1.00 MB	v1.20	03:32.02	World / roadside objects	RAIDHO - ALONG THE ROADS	179
211	Raidho - JK's Outskirts AIO Patch	2.0 KB	v1.00	03:32.98	World / patch	PATCH BETWEEN RAIDHO -	180
212	KOVAC's DAWN Waters V1	15.76 MB	v1.00	03:33.92	Water	KOVACS DAWN WATERS V1	181
213	Bedlam - Dungeon Randomizer	49.4 KB	v1.1.2	03:34.76	Dungeon encounters	BEDLAM - DUNGEON	182
214	Alternate Start - Live Another Life	14.54 MB	v4.2.6	03:35.72	Alternate start	ALTERNATE START - LIVE	183
215	Become High King of Skyrim TNG - Great Cities / minor cities patch	3.8 KB	v1.00	03:36.68	Quest / city patch	BECOME HIGH KING OF SKYRIM -	127
216	Become High King of Skyrim TNG - Highreach Castle Crash Fix	634 BYTES	v1.00	03:37.62	Quest / fix	BECOME HIGH KING OF SKYRIM	127
217	Amazing Follower Tweaks (SE/AE)	5.21 MB	v1.00	03:38.62	Follower management	AMAZING FOLLOWER TWEAKS (SE	184
218	Amazing Follower Tweaks - UpgrayDD Addon	1.17 MB	v1.00	03:39.52	Follower management addon	AMAZING FOLLOWER TWEAKS-	184
219	Lux - PS5	113.98 MB	v1.00	03:40.52	Interior lighting	LUX - PS5	9
220	Enhanced Blood Textures Lite	3.51 MB	v1.01	03:43.12	Blood / visuals	ENHANCED BLOOD TEXTURES LITE	185
